<BackupInst xmlns="http://www.microsoft.com/GroupPolicy/GPOOperations/Manifest"><GPOGuid><![CDATA[{1B7356E7-74E9-441A-8490-3E8B4C303BC7}]]></GPOGuid><GPODomain><![CDATA[classroom.intranet]]></GPODomain><GPODomainGuid><![CDATA[{2602d4ff-5115-40ec-8712-7883d7f4d242}]]></GPODomainGuid><GPODomainController><![CDATA[SRV0001.classroom.intranet]]></GPODomainController><BackupTime><![CDATA[2016-11-18T14:03:48]]></BackupTime><ID><![CDATA[{6528DE3A-B3EF-4713-8AFC-E56628C48C2A}]]></ID><Comment><![CDATA[]]></Comment><GPODisplayName><![CDATA[Workstation Local Administrators]]></GPODisplayName></BackupInst>
